"","gene","distance","Z","FC","p.value","p.adj","log2FC"
"305","PKP1",0.000282744312174271,5.56989045536291,738150.496351466,0,0,19.4935554617318
"96","CCL25",2.9479518178879e-06,2.4322863844996,80.2412940186769,3.31369267362851e-19,4.89598092528612e-16,6.32627296678056
"121","PRSS16",2.85233976191277e-06,2.41344058748806,75.1207082507354,4.42797581447489e-18,4.36155617725777e-15,6.23113875991588
"747","PASK",2.58939411183581e-06,2.35843820257339,61.908955081906,3.59709967647106e-15,2.29604621387038e-12,5.95207620413009
"269","COL17A1",2.58622132079537e-06,2.35774360632999,61.7573336368793,3.88501897439996e-15,2.29604621387038e-12,5.94853856070755
"140","RAMP1",2.46909116542326e-06,2.33153493522249,56.2900212737314,6.25319771910126e-14,3.07969987665737e-11,5.81480728833205
"183","TBATA",2.45165143774625e-06,2.32753501605746,55.4976522136596,9.35707039270048e-14,3.88477134102134e-11,5.79435483551489
"425","IGFBP2",2.4465717235571e-06,2.32636501605451,55.267913065416,1.05171474545417e-13,3.88477134102134e-11,5.78837023182846
"635","SPINT2",2.40313574580871e-06,2.31626802831463,53.3229009683687,2.82988196417386e-13,9.29144578237083e-11,5.7366833655399
"135","CTSV",2.35387752843998e-06,2.30461198439908,51.1593346299764,8.51647332404294e-13,2.51661786725469e-10,5.6769255957708
"30","PAX1",2.29128751736966e-06,2.28947241708533,48.4748350554764,3.3455453334245e-12,8.98735132751763e-10,5.59916408419311
"35","DSP",2.2311785757509e-06,2.27456971584589,45.9648475345713,1.20394001503823e-11,2.96470228703164e-09,5.52245905007982
"44","KRT5",2.19317935396031e-06,2.2649564979615,44.412524441484,2.65980036504681e-11,6.04593082977948e-09,5.47289467240047
"112","GPC4",2.10144954096479e-06,2.24110206290129,40.7751056036919,1.70795044290528e-10,3.60499539913221e-08,5.34961670827395
"61","MIR205HG",2.09149047232407e-06,2.23845469688446,40.3895433265592,2.08051626293799e-10,4.09861703798785e-08,5.33590992886515
"612","TMSB4X",1.94576393922856e-06,2.19832647891952,34.9572662606801,3.37021342494616e-09,6.22436291919743e-07,5.12752046203797
"14","KRT19",1.91969699349509e-06,2.19085768683206,34.0269114709084,5.43550696397685e-09,9.44819004620682e-07,5.08860430267519
"459","S100A10",1.91376693734294e-06,2.18914553783912,33.8170139308532,6.05470259022035e-09,9.93980341894507e-07,5.07967736914313
"6","MDK",1.89301453517238e-06,2.18311506704641,33.0875841611659,8.80994956611168e-09,1.34781277469143e-06,5.04821805423379
"481","S100A6",1.89107606516439e-06,2.18254865582488,33.0198546761202,9.12225228217550e-09,1.34781277469143e-06,5.04526186569874
"2002","TSC2",1.88631900917595e-06,2.18115639609831,32.8539388421731,9.93495691737977e-09,1.3979903662313e-06,5.03799443978557
"667","PRXL2A",1.87876384781852e-06,2.17893854072766,32.5912900283064,1.13723251681104e-08,1.52751003962573e-06,5.02641455284314
"25","S100A14",1.70518786031826e-06,2.12557799223804,26.8473624493551,2.20174634726428e-07,2.82876541572432e-05,4.74670845616529
"66","CALML3",1.69497157228023e-06,2.12228340070736,26.5266250731578,2.59930833633305e-07,3.20039838911006e-05,4.72936923106682
"702","MFAP4",1.67331864561749e-06,2.11523972015511,25.8532093213534,3.68391676190581e-07,4.35438961257267e-05,4.6922714773467
"562","PHEX",1.59420015387817e-06,2.08876737553763,23.4662047196614,1.27127387413671e-06,0.000144485165310537,4.55251262294867
"101","DCN",1.5490862202705e-06,2.07312523871655,22.1568666128573,2.51255693527219e-06,0.0002749853979159,4.46968196717161
"7","GAS6",1.53933328317906e-06,2.06968850238956,21.8787487579743,2.90432543683605e-06,0.000306510059494661,4.45145832788608
"482","TSC22D1",1.5291703156942e-06,2.06608585521174,21.5908072101866,3.37465429063274e-06,0.000343865635476543,4.43234527693993
"658","CD81",1.5105614835216e-06,2.0594316584503,21.0685174063572,4.43149464757796e-06,0.000436502222786429,4.39701689002252
"416","SLCO5A1",1.50637880767803e-06,2.05792560801139,20.9520034136492,4.70935080739154e-06,0.000448907472123935,4.38901629474265
"76","COL1A2",1.48659024589885e-06,2.05074768347728,20.4051466106399,6.26610519989335e-06,0.000578635652052652,4.35086117126055
"929","GSTP1",1.47136964049061e-06,2.04516651227376,19.9894453237709,7.78708105199779e-06,0.000697297712383439,4.32116653496652
"304","COL27A1",1.43932491558281e-06,2.03324005230148,19.1282327875127,1.22223454573722e-05,0.00106226561254514,4.2576316875227
"143","MGP",1.43440783284666e-06,2.0313883794624,18.9977626696368,1.3087181699749e-05,0.00110493205493595,4.24775761999741
"134","SFRP4",1.40012815078957e-06,2.01831431499637,18.1005902350278,2.09536468603047e-05,0.00171994517978334,4.17796483723804
"107","COL1A1",1.35492811610106e-06,2.00061666950934,16.9507793842756,3.83615676130827e-05,0.00306374141342323,4.08327970382297
"389","TIMP3",1.35070267273971e-06,1.99893452659191,16.8452197252314,4.05553488621339e-05,0.00315371199704226,4.07426734165717
"169","COL3A1",1.33680823550707e-06,1.9933687582679,16.5004347290586,4.86389207863574e-05,0.00364845067517224,4.04443212985511
"398","MMP2",1.33563577616232e-06,1.99289666312108,16.4715037207826,4.93868111698442e-05,0.00364845067517224,4.04190036285313
"18","CYP1B1",1.32742367795817e-06,1.98957928068021,16.2695777598317,5.49389714654019e-05,0.00395962587025031,4.02410490449021
"22","PLTP",1.31765078028289e-06,1.98560664745936,16.0308964485273,6.23172010548519e-05,0.00438446021707351,4.00278319821409
"504","TIMP1",1.31087401818263e-06,1.98283594776925,15.8664246353222,6.797400285447e-05,0.00467123670778974,3.9879051605513
"495","CFD",1.30673424925078e-06,1.98113688630404,15.7663698380599,7.16651277093186e-05,0.00481296482684174,3.97877861680973
"630","FBN1",1.30387974947293e-06,1.97996243747154,15.6975632793276,7.43198534643566e-05,0.00488033704415942,3.97246872294274
"872","SELENOP",1.28994235902233e-06,1.97419380637983,15.363769056227,8.86723553610869e-05,0.00569623500200026,3.94146027785361
"45","GSN",1.28304978688594e-06,1.97131973098946,15.2000207025528,9.6702360466206e-05,0.0060799037271838,3.92600138352004
"82","SAA1",1.27052814617727e-06,1.96606182573788,14.9047859235522,0.000113075752292569,0.00696122600051128,3.89770374903244
"2189","TIMP2",1.26700066612776e-06,1.96457199272291,14.822137854758,0.000118140508288116,0.00712459595900784,3.88968164307217
"1112","HLA-C",1.26376878135155e-06,1.96320364393519,14.7466172231673,0.000122967949690741,0.00726740582672277,3.88231214257714
"349","PLAC9",1.25159154108198e-06,1.95801877360901,14.4637997466138,0.000142879180854803,0.00810666712241879,3.85437470357119
"307","MAP1B",1.25092376595566e-06,1.95773310262872,14.4483698099827,0.000144054487473875,0.00810666712241879,3.85283481946607
"29","ADIRF",1.25016624654141e-06,1.95740886922176,14.4308761673065,0.000145398767339491,0.00810666712241879,3.85108699027117
"256","POTEI",1.22974863633575e-06,1.94860077761941,13.9633576196839,0.000186408442297252,0.01001769722796,3.80357398764019
"136","TAGLN",1.22972813915955e-06,1.94859186766078,13.9628921472975,0.000186454601535634,0.01001769722796,3.80352589420055
"2168","PITHD1",1.22817611208485e-06,1.94791681589908,13.927669546908,0.000189981111315999,0.0100248961417639,3.79988197347345
"355","LUM",1.22319279503942e-06,1.94574400072289,13.8148759740986,0.00020173264104803,0.0104582448122268,3.7881507050033
"1587","VIM",1.22019594792061e-06,1.94443338897445,13.7472654474575,0.000209125040548893,0.0106545602555514,3.78107276677989
"555","GPNMB",1.21091805781055e-06,1.94035698857786,13.5390026434508,0.000233656529547932,0.0117026278782057,3.75904956095359
"804","OGN",1.20666705211353e-06,1.93847960872341,13.4441104204343,0.000245776535290982,0.0121044943630808,3.74890239197341
"420","PCOLCE",1.20453230999598e-06,1.93753453746312,13.3965839349077,0.000252082977784946,0.012211560645156,3.74379326210278
"344","TNXB",1.18227289360714e-06,1.92758700635531,12.9060287037653,0.00032752547454887,0.0156102867305147,3.68997323412414
"343","CCDC80",1.1754381728182e-06,1.92449797190305,12.7572404930161,0.00035463370217319,0.0166340093638377,3.6732443896965
"301","ADH1B",1.16716851841333e-06,1.92073818590462,12.578367859295,0.000390237379885403,0.0180179915243964,3.65287282838727
"120","CCN1",1.16287711000316e-06,1.9187774139089,12.4860424087988,0.000410003864431784,0.0186394064522449,3.64224436591132
"677","COL6A3",1.16116102853083e-06,1.9179914575704,12.4492177853248,0.000418166909359194,0.0187224729872185,3.63798319198512
"1494","KLF2",1.15277771173968e-06,1.91413648114349,12.2701056973727,0.000460272200831729,0.0203000649769815,3.61707577163217
"686","LTBP4",1.1342268328299e-06,1.90551335159783,11.8783740310648,0.00056789497303741,0.0246783771371404,3.57026546150897
"27","FBLN1",1.12362698685982e-06,1.90052760065522,11.6573942509441,0.000639478493151044,0.0266847476207171,3.54317343733974
"139","IGFBP4",1.12264244430394e-06,1.90006231221168,11.6369743560892,0.000646536814210236,0.0266847476207171,3.54064409738761
"626","EFNB2",1.12051343252697e-06,1.89905486734713,11.5928788146806,0.000662048455579421,0.0266847476207171,3.53516696459156
"100","SERPING1",1.12051001055433e-06,1.89905324665529,11.5928080070447,0.000662073663743316,0.0266847476207171,3.53515815279091
"1975","SC5D",1.12031994544211e-06,1.89896322211978,11.5888755094132,0.000663475191885515,0.0266847476207171,3.53466868058482
"1901","TFPI",1.11967554919598e-06,1.89865789834607,11.5755477449696,0.000668247486948584,0.0266847476207171,3.53300855707737
"51","MXRA8",1.11589138665377e-06,1.89686163453406,11.4974363089638,0.000696922485047112,0.0274587459108562,3.52324030069423
"1186","SELENOW",1.11231084641601e-06,1.8951568478618,11.4237714561398,0.000725103557789087,0.0279869079294952,3.51396711711282
"2869","DAB2",1.11179252666227e-06,1.89490964350447,11.4131273329781,0.000729269682088369,0.0279869079294952,3.51262225632819
"383","EMP1",1.10464948912325e-06,1.89149202009607,11.2669444682524,0.000788994905671594,0.0298907685417892,3.49402441268809
"212","FIBIN",1.09955440570456e-06,1.88904177918572,11.163248892806,0.000834336831052289,0.0312084219716394,3.48068505748547
"225","SFRP2",1.09706598811692e-06,1.88784128483733,11.1127786452137,0.000857349476029953,0.0316683462708564,3.47414768897305
"632","ITM2A",1.09506339840531e-06,1.88687334534385,11.0722450313106,0.000876295193423719,0.0317911036889312,3.46887587049858
"1310","AEBP1",1.09444852699166e-06,1.88657582354454,11.0598145261227,0.000882189679354435,0.0317911036889312,3.46725528656426
"417","KREMEN2",1.08858303373049e-06,1.88372987701733,10.9415861522294,0.000940296375693698,0.0334768167490949,3.45174998914971
"1361","KLF4",1.08664770339435e-06,1.88278774931955,10.9027158786483,0.000960233700079681,0.0337796498063745,3.44661565159644
"203","COL14A1",1.061778547575e-06,1.87054166528311,10.4093845959858,0.00125376519087115,0.0430835385660285,3.37981287374914
"115","GOLM1",1.06177071368471e-06,1.8705377662253,10.4092309939446,0.00125386948110946,0.0430835385660285,3.37979158502298
